SUBZONE_N,0 - 4 years,05-09 years,10-14 years,15 - 19 years,20 - 24 years,25 - 29 years,30 - 34 years,35 - 39 years,40 - 44 years,45 - 49 years,50 - 54 years,55 - 59 years,60 - 64 years,65 - 69 years,70 - 74 years,75 - 79 years,80 - 84 years,85 - 89 years,90 & Over
ANG MO KIO TOWN CENTRE,170,240,280,320,270,280,290,330,400,470,370,320,300,250,230,140,100,40,20
CHENG SAN,1060,1040,1040,1160,1330,1710,2000,2150,2070,2200,2050,2120,2120,2170,1730,960,640,350,180
CHONG BOON,860,840,1010,1060,1310,1610,1890,1730,1800,1820,1900,2090,2140,2100,1800,1130,780,430,200
KEBUN BAHRU,660,810,950,1010,1170,1420,1410,1450,1620,1790,1710,1800,1750,1690,1430,840,620,340,160
SEMBAWANG HILLS,210,310,400,460,500,500,350,310,370,550,540,550,480,410,370,230,150,100,60
SHANGRI-LA,550,560,640,710,860,980,1020,990,1010,1210,1200,1390,1270,1180,960,620,430,250,130
TAGORE,210,310,400,450,580,670,490,340,440,580,580,670,730,550,380,210,190,120,60
TOWNSVILLE,660,860,930,820,890,1310,1400,1410,1650,1560,1360,1580,1660,1530,1420,880,680,360,190
YIO CHU KANG,-,-,-,-,-,-,-,-,-,-,-,-,-,-,-,-,-,-,-
YIO CHU KANG EAST,160,170,200,260,310,320,230,240,260,320,290,330,380,260,200,110,80,40,30
YIO CHU KANG NORTH,-,-,-,-,-,-,-,-,-,-,-,-,-,-,-,-,-,-,-
YIO CHU KANG WEST,750,950,1190,1350,1460,1540,1400,1480,1720,1910,1850,1950,1910,1820,1400,640,480,250,110
BAYSHORE,340,490,480,450,360,310,360,550,770,860,650,510,400,350,280,130,90,40,50
BEDOK NORTH,2710,3080,3440,4000,4760,5620,5280,5100,5670,5960,6030,6950,6560,5980,4920,2550,1740,970,540
BEDOK RESERVOIR,1100,1270,1400,1510,1490,1600,1830,1900,2090,2110,1920,1840,1800,1550,1050,470,310,160,80
BEDOK SOUTH,1430,1730,2120,2300,2740,3130,2920,2700,3050,3490,3430,3730,3740,3360,2820,1650,1230,720,410
FRANKEL,1460,2060,2060,1810,1820,2050,2000,2360,2950,3180,2510,2280,2110,1880,1610,840,750,470,290
KAKI BUKIT,1200,1250,1580,1930,2510,3140,2830,2280,2260,2460,2450,3240,3510,2740,1930,820,580,260,190
KEMBANGAN,1410,1360,1480,1780,2020,2620,2790,2520,2290,2520,2620,2940,3240,2750,2140,1250,860,530,350
SIGLAP,160,250,260,310,360,400,360,320,430,520,450,460,500,430,480,310,250,140,70
BISHAN EAST,870,1130,1300,1380,1470,2280,2150,1730,1890,2160,1880,2110,2420,2090,1560,820,590,320,150
MARYMOUNT,1010,1340,1540,1680,2030,2630,1840,1770,1950,2240,2190,2530,2360,1790,1250,650,450,220,150
UPPER THOMSON,910,1260,1450,1560,1740,2010,1740,1590,1910,2330,2230,2310,2350,1960,1580,970,720,510,260
LIU FANG,-,-,-,-,-,-,-,-,-,-,-,-,-,-,-,-,-,-,-
SAMULUN,-,-,-,-,-,-,-,-,-,-,-,-,-,-,-,-,-,-,-
SHIPYARD,-,-,-,-,-,-,-,-,-,-,-,-,-,-,-,-,-,-,-
TUKANG,-,-,-,-,-,-,-,-,-,-,-,-,-,-,-,-,-,-,-
BRICKWORKS,2710,1200,850,730,660,2280,3540,1670,1460,1280,990,790,640,430,270,140,90,70,20
BUKIT BATOK CENTRAL,1310,1230,1340,1490,1560,1900,2460,1950,1860,1940,1960,2020,2100,1750,1150,570,400,200,120
BUKIT BATOK EAST,340,340,540,600,810,960,880,810,800,970,930,1160,1220,1060,640,280,200,110,60
BUKIT BATOK SOUTH,690,710,760,840,1110,1190,1240,1130,930,1010,1180,1310,1160,830,440,170,140,70,30
BUKIT BATOK WEST,660,640,710,790,950,990,1180,1100,1010,1050,1100,1180,1220,1070,640,310,200,130,80
GOMBAK,350,490,590,590,620,700,610,720,840,800,750,710,630,550,400,240,170,120,50
GUILIN,430,570,650,750,830,870,850,940,940,1100,1110,1100,920,750,470,270,200,120,70
HILLVIEW,560,720,1040,1350,1600,1490,1060,1010,1200,1640,1840,1860,1400,1080,680,360,220,130,70
HONG KAH NORTH,870,930,1210,1440,1680,2110,1800,1650,1630,1900,2040,2370,2460,1810,1100,540,340,180,90
ALEXANDRA HILL,370,420,570,630,790,870,840,720,750,950,960,1070,1140,1070,950,540,410,280,170
ALEXANDRA NORTH,160,200,160,110,100,130,240,320,330,300,180,130,100,70,40,30,20,10,-
BUKIT HO SWEE,460,570,560,500,620,820,930,980,960,1010,970,1120,1270,1110,930,630,490,270,190
BUKIT MERAH,30,50,60,60,70,60,60,60,70,80,90,90,70,80,90,50,30,10,10
CITY TERMINALS,-,-,-,-,-,-,-,-,-,-,-,-,-,-,-,-,-,-,-
DEPOT ROAD,350,400,380,280,280,310,470,570,670,620,440,370,340,330,320,190,120,60,40
EVERTON PARK,220,290,310,310,330,470,510,540,590,680,570,520,580,620,500,310,250,130,80
HENDERSON HILL,440,450,490,530,660,860,930,780,780,890,1010,1050,1140,970,890,550,500,280,150
KAMPONG TIONG BAHRU,220,240,340,350,430,530,490,490,540,650,690,720,780,790,700,420,360,170,100
MARITIME SQUARE,200,240,190,170,110,140,180,360,430,400,310,240,190,140,120,70,70,50,40
REDHILL,490,640,660,500,470,630,650,750,1080,900,790,730,620,510,440,270,230,120,140
SINGAPORE GENERAL HOSPITAL,-,-,-,-,-,-,-,-,-,-,-,-,-,-,-,-,-,-,-
TELOK BLANGAH DRIVE,1190,870,740,710,710,1090,2010,1680,1550,1390,1180,1230,1200,1150,1110,660,480,260,120
TELOK BLANGAH RISE,350,390,430,510,580,740,660,680,840,920,850,860,1030,1120,970,580,360,180,100
TELOK BLANGAH WAY,240,340,380,350,380,480,460,540,690,770,680,740,820,710,620,420,310,180,110
TIONG BAHRU,690,670,560,430,440,720,1080,1120,1250,1020,800,730,790,810,690,440,340,170,150
TIONG BAHRU STATION,560,690,830,700,670,1050,1010,1060,1230,1250,1110,1070,1050,750,780,480,440,230,140
BANGKIT,680,730,930,1190,1520,1900,1560,1230,1340,1540,1730,2190,2020,1440,970,580,390,230,120
DAIRY FARM,310,390,440,510,450,470,460,440,560,640,560,550,430,310,210,90,70,30,20
FAJAR,1530,1680,1580,1590,1720,2140,2350,2240,1970,1980,1850,2140,1820,1380,870,470,310,150,70
JELEBU,930,1090,1410,1840,2440,2750,2190,1740,1840,2380,2600,2890,2660,1930,1230,620,460,220,110
NATURE RESERVE,150,190,240,250,280,260,200,220,260,370,350,340,270,190,150,60,60,20,20
SAUJANA,1520,1660,1460,1510,1740,1820,2130,2300,1840,1870,1710,1880,1840,1230,720,290,200,120,80
SENJA,1130,1360,1260,1260,1150,1190,1570,1930,1570,1730,1320,1260,1240,890,640,290,190,120,70
ANAK BUKIT,700,1080,1190,1310,1430,1660,1310,1260,1370,1640,1600,1580,1730,1400,1080,650,470,270,150
CORONATION ROAD,300,500,490,440,380,330,330,440,540,610,480,400,360,330,280,220,150,80,50
FARRER COURT,300,490,440,370,280,290,350,470,530,630,490,380,290,240,260,140,110,70,40
HILLCREST,440,780,610,600,560,420,410,650,760,850,740,640,560,390,400,260,210,130,70
HOLLAND ROAD,460,780,800,770,670,510,500,650,900,1080,920,700,560,500,410,260,200,100,70
LEEDON PARK,300,320,400,370,360,360,350,400,500,570,580,440,390,350,360,180,110,60,50
SWISS CLUB,240,320,340,330,300,330,280,360,400,430,420,350,320,300,210,150,120,80,60
ULU PANDAN,400,630,680,650,640,660,570,580,800,930,820,830,740,710,660,310,230,130,60
CENTRAL WATER CATCHMENT,-,-,-,-,-,-,-,-,-,-,-,-,-,-,-,-,-,-,-
CHANGI AIRPORT,-,-,-,-,-,-,-,-,-,-,-,-,-,-,-,-,-,-,-
CHANGI POINT,10,10,20,20,40,30,20,20,30,50,60,60,60,50,30,20,10,-,10
CHANGI WEST,120,130,130,80,60,70,120,130,140,120,80,40,40,20,20,10,-,10,-
CHANGI BAY,-,-,-,-,-,-,-,-,-,-,-,-,-,-,-,-,-,-,-
CHOA CHU KANG CENTRAL,820,1090,1330,1430,1790,1950,1360,1470,1650,1810,1970,1990,1490,1000,650,340,220,110,70
CHOA CHU KANG NORTH,850,1120,1640,2400,3510,3060,1660,1570,1640,2280,3400,3230,2270,1410,850,430,330,220,80
KEAT HONG,3540,2660,2060,2060,2310,3260,4690,3480,2650,2430,2430,2280,1730,1120,700,330,240,150,60
PENG SIANG,1660,1750,1760,2040,2570,2980,2750,2650,2300,2430,2670,2880,2360,1730,1130,450,310,200,110
TECK WHYE,760,760,1010,1350,1910,2310,1600,1370,1260,1640,1910,2440,2070,1570,1040,620,400,200,110
YEW TEE,1360,1890,2400,2810,3370,3060,2390,2660,3140,3560,3700,3330,2840,1760,1010,510,350,160,100
CLEMENTI CENTRAL,480,610,700,660,710,880,830,910,1050,1170,970,990,990,1000,910,510,340,190,110
CLEMENTI NORTH,1390,1220,1160,1130,1290,1540,2190,2350,2210,2160,1880,1980,1840,2040,1970,1030,820,390,230
CLEMENTI WEST,480,630,740,760,840,810,820,1010,1230,1270,1210,1150,1210,1170,960,470,310,140,70
CLEMENTI WOODS,680,740,800,810,830,870,1060,1250,1190,1200,1110,1180,1060,1060,1000,530,380,170,90
FABER,270,430,440,320,280,290,370,470,540,500,360,290,220,220,160,110,60,40,20
PANDAN,-,-,-,-,-,-,-,-,-,-,-,-,-,-,-,-,-,-,-
SUNSET WAY,170,230,270,310,320,360,330,320,370,400,440,420,430,470,380,200,150,70,30
TOH TUCK,-,-,-,-,-,-,-,-,-,-,-,-,-,-,-,-,-,-,-
WEST COAST,290,480,550,470,390,370,320,480,660,720,550,400,340,310,290,130,90,40,20
ANSON,-,-,-,-,-,-,-,-,-,-,-,-,-,-,-,-,-,-,-
BAYFRONT SUBZONE,-,-,-,-,-,-,-,-,-,-,-,-,-,-,-,-,-,-,-
BUGIS,20,30,10,30,40,60,60,90,70,70,70,60,60,70,70,30,30,10,20
CECIL,10,10,10,-,10,20,40,60,30,20,20,10,10,10,-,-,-,-,-
CENTRAL SUBZONE,40,40,30,40,20,70,90,110,110,130,70,60,40,30,20,10,-,-,-
CITY HALL,-,-,-,-,-,-,-,-,-,-,-,-,-,-,-,-,-,-,-
CLIFFORD PIER,-,-,-,-,-,-,-,-,-,-,-,-,-,-,-,-,-,-,-
MARINA CENTRE,-,-,-,-,-,-,-,-,-,-,-,-,-,-,-,-,-,-,-
MAXWELL,-,-,-,-,-,-,-,-,-,-,-,-,-,-,-,-,-,-,-
NICOLL,10,10,10,10,10,30,20,20,30,20,30,30,30,10,20,-,-,-,-
PHILLIP,-,-,-,-,-,-,-,-,-,-,-,-,-,-,-,-,-,-,-
RAFFLES PLACE,-,-,-,-,-,-,-,-,-,-,-,-,-,-,-,-,-,-,-
TANJONG PAGAR,20,20,10,10,20,50,100,100,80,70,40,50,30,20,20,10,10,-,30
ALJUNIED,1250,1500,1730,1670,1920,2840,3000,2960,2980,3260,2860,3070,3120,2620,2080,1170,980,580,390
GEYLANG EAST,1100,1310,1440,1340,1560,2050,2000,2160,2350,2320,2050,2110,2230,1960,1750,900,680,410,210
KALLANG WAY,-,-,-,-,-,-,-,-,-,-,-,-,-,-,-,-,-,-,-
KAMPONG UBI,400,460,520,560,750,1040,1010,800,800,750,750,1010,1100,840,520,260,130,60,40
MACPHERSON,1210,1000,1110,1270,1530,2010,2270,1880,1710,1860,2190,2410,2340,1870,1340,900,780,450,250
DEFU INDUSTRIAL PARK,-,-,-,-,-,-,-,-,-,-,-,-,-,-,-,-,-,-,-
HOUGANG CENTRAL,130,130,210,280,340,440,350,260,240,320,400,400,430,310,210,110,90,40,30
HOUGANG EAST,1360,1230,1040,1090,1470,2110,2290,2160,1710,1640,1610,2070,1870,1370,920,480,280,150,80
HOUGANG WEST,1330,1420,1730,2000,2910,4030,3540,2750,2580,2960,3310,4430,4410,3390,2210,1090,730,430,220
KANGKAR,1760,1740,1570,1600,1690,2040,2710,2800,2480,2520,2170,2290,2200,1810,1280,740,540,250,120
KOVAN,900,1110,1270,1420,1650,1890,1660,1560,1700,1960,1740,1940,1920,1510,1120,590,450,240,180
LORONG AH SOO,950,1140,1390,1690,1910,2270,2180,2010,2180,2490,2410,2580,2700,2300,1810,980,750,410,180
LORONG HALUS,-,-,-,-,-,-,-,-,-,-,-,-,-,-,-,-,-,-,-
TAI SENG,430,560,690,750,970,990,830,740,850,950,1020,1180,1170,970,670,420,350,200,120
TRAFALGAR,2260,2110,2420,2700,3220,3830,3640,3210,3340,3670,3950,4150,3930,2880,1910,880,600,350,150
INTERNATIONAL BUSINESS PARK,-,-,-,-,-,-,-,-,-,-,-,-,-,-,-,-,-,-,-
JURONG GATEWAY,20,20,20,30,20,50,40,40,50,60,30,20,20,10,10,10,-,-,-
JURONG PORT,-,-,-,-,-,-,-,-,-,-,-,-,-,-,-,-,-,-,-
JURONG RIVER,-,-,-,-,-,-,-,-,-,-,-,-,-,-,-,-,-,-,-
LAKESIDE (BUSINESS),-,-,-,-,-,-,-,-,-,-,-,-,-,-,-,-,-,-,-
LAKESIDE (LEISURE),20,20,20,30,30,50,50,60,60,70,80,70,100,120,110,80,60,30,10
PENJURU CRESCENT,-,-,-,-,-,-,-,-,-,-,-,-,-,-,-,-,-,-,-
TEBAN GARDENS,760,840,890,930,1050,1150,1240,1350,1340,1340,1270,1360,1350,1410,1170,530,330,150,80
TOH GUAN,420,500,670,860,1000,1260,1080,920,890,1120,1070,1280,1400,1010,570,240,170,110,50
YUHUA EAST,690,830,1040,1240,1420,1790,1650,1610,1690,1810,1750,1890,2170,1960,1560,720,510,280,150
YUHUA WEST,600,690,900,1070,1240,1400,1310,1100,1200,1460,1440,1600,1640,1430,1010,480,340,170,100
BOON LAY PLACE,1520,1630,1600,1670,1850,1960,2270,2470,2140,2240,2250,2120,1790,1500,1090,590,390,170,90
CHIN BEE,-,-,-,-,-,-,-,-,-,-,-,-,-,-,-,-,-,-,-
HONG KAH,1870,2180,2590,3060,3320,3730,3720,3710,3840,4190,3960,4010,4310,3900,2790,1330,800,400,180
JURONG WEST CENTRAL,2530,3570,4190,4040,3750,4160,4690,5490,6140,5760,4590,4170,4040,3160,1880,770,490,240,120
KIAN TECK,-,-,-,-,-,-,-,-,-,-,-,-,-,-,-,-,-,-,-
SAFTI,-,-,-,-,-,-,-,-,-,-,-,-,-,-,-,-,-,-,-
TAMAN JURONG,2030,2180,2260,2430,2650,2860,2910,3120,3040,3160,3230,2840,2490,1970,1330,660,410,250,110
WENYA,440,610,670,540,380,460,500,820,900,740,540,420,390,330,220,120,80,60,50
YUNNAN,2190,2830,3680,4370,5440,6130,4240,4280,4810,5130,5550,5790,4800,3690,2340,1080,650,310,190
BENDEMEER,1900,1760,1460,1370,1490,2310,3280,3240,3070,2740,2350,2380,2690,2500,1990,1220,940,500,370
BOON KENG,410,450,410,500,550,760,860,800,810,850,880,910,970,840,710,410,370,210,120
CRAWFORD,220,200,240,260,330,430,400,390,460,550,620,810,860,790,730,440,350,180,130
GEYLANG BAHRU,270,330,440,530,600,660,660,630,780,940,940,980,940,810,670,430,360,200,120
KALLANG BAHRU,-,-,-,-,-,-,-,-,-,-,-,-,-,-,-,-,-,-,-
KAMPONG BUGIS,40,20,20,40,50,100,80,70,60,70,50,60,90,70,60,20,10,10,10
KAMPONG JAVA,330,450,460,450,520,640,660,710,830,920,780,790,760,700,650,350,300,140,100
LAVENDER,350,400,430,430,430,580,640,670,770,870,720,750,730,640,540,290,250,110,90
TANJONG RHU,410,530,630,700,590,500,600,790,1050,1200,990,820,690,580,420,270,180,80,70
LIM CHU KANG,10,-,10,10,10,10,-,10,-,10,10,10,10,10,10,-,-,-,-
MANDAI EAST,-,-,-,-,-,-,-,-,-,-,-,-,-,-,-,-,-,-,-
MANDAI ESTATE,60,90,120,130,170,170,120,130,140,190,160,180,150,90,80,40,30,20,10
MANDAI WEST,-,-,-,-,-,-,-,-,-,-,-,-,-,-,-,-,-,-,-
MARINA EAST,-,-,-,-,-,-,-,-,-,-,-,-,-,-,-,-,-,-,-
MARINA SOUTH,-,-,-,-,-,-,-,-,-,-,-,-,-,-,-,-,-,-,-
EAST COAST,-,-,-,-,-,-,-,-,-,-,-,-,-,-,-,-,-,-,-
KATONG,390,500,490,500,500,560,490,670,830,880,710,670,600,500,410,250,210,130,90
MARINA EAST (MP),-,-,-,-,-,-,-,-,-,-,-,-,-,-,-,-,-,-,-
MARINE PARADE,1060,1420,1390,1300,1320,1330,1320,1730,2100,2360,2010,1870,1770,1520,1550,1050,960,500,320
MOUNTBATTEN,450,490,540,560,570,610,580,680,800,910,720,740,650,540,520,250,170,120,90
BRAS BASAH,-,-,-,-,-,-,-,-,-,-,-,-,-,-,-,-,-,-,-
DHOBY GHAUT,10,20,-,10,10,20,50,60,50,30,20,20,10,10,10,-,-,-,-
FORT CANNING,10,10,10,10,10,10,10,10,20,30,20,20,10,10,10,-,-,-,-
CAIRNHILL,180,260,240,170,170,190,240,320,360,390,320,270,230,190,170,70,60,40,30
GOODWOOD PARK,70,140,90,60,40,60,80,100,130,130,80,90,60,50,40,20,20,10,10
ISTANA NEGARA,-,-,-,-,-,-,-,-,-,-,-,-,-,-,-,-,-,-,-
MONK'S HILL,60,80,60,50,50,50,50,80,100,110,80,80,50,40,40,30,20,10,10
NEWTON CIRCUS,10,20,20,10,10,10,10,20,30,30,30,20,10,10,10,-,-,-,-
ORANGE GROVE,70,90,110,80,70,80,90,100,150,180,170,150,130,120,100,40,30,20,10
NORTH-EASTERN ISLANDS,-,-,-,-,-,-,-,-,-,-,-,-,-,-,-,-,-,-,-
BALESTIER,1320,1430,1460,1390,1620,2000,2420,2410,2510,2730,2390,2320,2240,1900,1640,1010,850,500,300
DUNEARN,140,210,280,260,260,220,170,190,260,330,330,310,250,220,190,140,100,70,40
MALCOLM,150,220,210,180,140,140,130,170,250,270,200,220,170,160,140,90,60,50,40
MOULMEIN,530,1000,630,400,340,390,510,860,1130,960,630,500,370,370,270,160,120,80,40
MOUNT PLEASANT,30,30,40,40,50,50,40,40,20,40,50,70,50,50,40,20,10,10,10
BOULEVARD,20,20,20,10,10,20,30,30,30,40,20,20,40,40,20,10,10,-,-
SOMERSET,10,10,-,-,10,10,10,10,10,10,20,-,10,-,10,-,-,-,-
TANGLIN,20,20,30,20,10,10,20,30,40,40,30,30,20,20,20,10,10,-,-
CHINA SQUARE,30,30,30,30,50,70,80,110,90,120,90,130,130,160,130,60,60,30,20
CHINATOWN,450,580,520,310,370,550,690,860,1140,880,690,690,660,580,550,320,290,160,190
PEARL'S HILL,170,190,190,180,250,250,260,270,250,400,440,570,650,600,550,330,300,140,160
PEOPLE'S PARK,-,-,-,10,10,40,40,30,20,30,10,20,20,30,20,10,10,10,-
FLORA DRIVE,530,690,850,940,1000,1030,860,910,1260,1360,1260,1200,980,670,480,260,210,110,80
LOYANG EAST,60,60,100,150,160,190,110,100,130,170,170,190,200,150,100,50,30,20,10
LOYANG WEST,-,-,-,-,-,-,-,-,-,-,-,10,10,20,20,30,50,40,30
PASIR RIS CENTRAL,1640,1730,1670,1860,2450,2680,2390,2510,2270,2280,2590,2890,2100,1340,830,450,310,180,90
PASIR RIS DRIVE,1730,1990,2570,3380,4960,5870,3260,2650,2880,3460,4750,5660,4380,2930,1880,900,640,360,190
PASIR RIS PARK,460,580,540,500,460,360,530,730,910,790,640,470,250,180,120,60,30,20,10
PASIR RIS WAFER FAB PARK,-,-,-,-,-,-,-,-,-,-,-,-,-,-,-,-,-,-,-
PASIR RIS WEST,1260,1500,1960,2530,3420,3280,1880,2000,2350,2800,3590,3430,2280,1460,900,500,350,200,110
AIRPORT ROAD,-,-,-,-,-,-,-,-,-,-,-,-,-,-,-,-,-,-,-
PAYA LEBAR EAST,-,-,-,-,-,-,-,-,-,-,-,-,-,-,-,-,-,-,-
PAYA LEBAR NORTH,-,-,-,-,-,-,-,-,-,-,-,-,-,-,-,-,-,-,-
PAYA LEBAR WEST,-,-,-,-,-,-,-,-,-,-,-,-,-,-,-,-,-,-,-
PLAB,-,-,-,-,-,-,-,-,-,-,-,-,-,-,-,-,-,-,-
BENOI SECTOR,-,-,-,-,-,-,-,-,-,-,-,-,-,-,-,-,-,-,-
GUL BASIN,-,-,-,-,-,-,-,-,-,-,-,-,-,-,-,-,-,-,-
GUL CIRCLE,-,-,-,-,-,-,-,-,-,-,-,-,-,-,-,-,-,-,-
JOO KOON,-,-,-,-,-,-,-,-,-,-,-,-,-,-,-,-,-,-,-
PIONEER SECTOR,-,-,-,-,-,-,-,-,-,-,-,-,-,-,-,-,-,-,-
CONEY ISLAND,-,-,-,-,-,-,-,-,-,-,-,-,-,-,-,-,-,-,-
MATILDA,5430,4850,3150,2210,1860,2640,5470,7490,5120,3820,2550,2140,1730,1550,1120,540,320,150,80
NORTHSHORE,20,20,20,30,40,40,40,10,30,40,40,30,40,20,20,10,10,10,-
PUNGGOL CANAL,-,-,-,-,-,-,-,-,-,-,-,-,-,-,-,-,-,-,-
PUNGGOL FIELD,2420,3360,3940,3390,2650,2470,2760,4020,5100,5150,3390,2930,2510,1920,1430,680,470,240,140
PUNGGOL TOWN CENTRE,2820,2180,1140,810,640,1010,3030,3430,2130,1440,980,790,620,500,380,170,130,70,30
WATERWAY EAST,5470,4930,3160,2140,1640,2160,5910,7240,5040,3590,2340,2000,1540,1390,1040,500,270,160,70
COMMONWEALTH,140,200,260,280,300,400,420,420,460,570,570,610,570,460,440,320,300,200,100
DOVER,350,540,650,630,650,670,550,690,890,950,910,820,700,610,620,370,310,130,60
GHIM MOH,850,660,560,500,590,790,1310,1110,910,890,800,860,820,800,910,590,470,290,130
HOLLAND DRIVE,350,350,360,470,540,800,830,730,910,1070,970,950,850,860,910,670,570,300,180
KENT RIDGE,-,-,-,-,-,-,-,-,-,-,-,-,-,-,-,-,-,-,-
MARGARET DRIVE,1120,1200,800,570,590,860,1260,1990,1570,1130,890,850,790,740,690,380,330,210,130
MEI CHIN,460,540,700,800,920,1120,960,870,980,1190,1250,1300,1220,1030,780,510,480,300,170
NATIONAL UNIVERSITY OF S'PORE,-,10,10,10,120,30,20,10,10,20,10,10,-,-,-,-,-,-,-
ONE NORTH,40,60,50,30,20,30,40,100,80,100,80,40,20,20,10,-,-,-,-
PASIR PANJANG 1,160,190,240,260,270,350,310,340,410,410,350,340,280,240,180,80,60,40,10
PASIR PANJANG 2,90,130,140,160,200,250,180,180,210,210,240,250,230,280,160,70,50,10,20
PORT,-,-,10,-,10,10,10,10,10,-,10,10,10,10,10,-,-,-,-
QUEENSWAY,10,-,10,10,20,20,20,20,20,30,30,20,20,20,20,10,-,-,-
SINGAPORE POLYTECHNIC,-,-,-,-,-,-,-,-,-,-,-,-,-,-,-,-,-,-,-
TANGLIN HALT,400,390,400,400,390,580,730,720,850,850,750,770,740,660,680,470,420,270,140
INSTITUTION HILL,200,270,190,140,120,130,180,350,420,350,220,140,120,130,110,40,30,10,10
LEONIE HILL,120,160,180,180,130,180,190,240,300,390,300,220,190,130,110,50,30,20,10
ONE TREE HILL,70,80,110,120,110,110,100,140,150,190,210,170,150,110,100,70,40,20,20
OXLEY,50,70,70,70,50,100,100,110,140,130,120,110,90,70,80,50,30,10,20
PATERSON,10,20,10,10,10,10,20,30,30,30,20,20,10,10,10,-,-,-,-
BENCOOLEN,40,40,40,40,60,80,100,90,100,110,110,110,110,100,70,40,30,30,30
FARRER PARK,80,90,120,120,120,150,180,200,230,240,200,170,200,190,140,80,50,50,40
KAMPONG GLAM,-,-,-,-,-,10,10,10,10,10,-,10,10,10,-,-,-,10,20
LITTLE INDIA,80,70,120,140,180,210,190,180,230,260,230,250,290,260,220,140,100,60,60
MACKENZIE,-,10,-,10,-,10,10,20,20,10,10,-,-,-,-,-,-,-,-
MOUNT EMILY,90,90,70,60,40,90,170,230,220,200,100,80,70,50,30,10,10,10,10
ROCHOR CANAL,-,-,-,-,-,-,-,-,-,-,-,-,-,-,-,-,-,-,-
SELEGIE,-,10,10,10,10,10,10,20,30,10,10,10,10,10,10,10,10,10,10
SUNGEI ROAD,70,90,70,100,110,110,120,130,110,140,150,170,160,150,150,100,70,40,20
VICTORIA,40,30,40,40,70,90,130,110,120,120,120,150,160,140,160,100,80,30,30
PULAU PUNGGOL BARAT,-,-,-,-,-,-,-,-,-,-,-,-,-,-,-,-,-,-,-
PULAU PUNGGOL TIMOR,-,-,-,-,-,-,-,-,-,-,-,-,-,-,-,-,-,-,-
SELETAR,10,10,20,20,30,10,-,10,20,40,40,20,10,10,10,-,10,-,-
SELETAR AEROSPACE PARK,-,-,-,-,-,-,-,-,-,-,-,-,-,-,-,-,-,-,-
ADMIRALTY,700,860,960,880,800,820,990,1210,1220,1300,980,940,820,560,380,230,150,100,40
SEMBAWANG CENTRAL,1830,1940,2120,2210,2250,2570,2810,2790,2840,3100,2600,2500,2130,1350,780,440,310,170,90
SEMBAWANG EAST,2070,850,800,780,780,2100,2690,1460,1290,1190,1000,840,540,410,260,140,80,50,20
SEMBAWANG NORTH,1080,1520,1770,1810,1580,1520,1610,2140,2260,2390,1940,1800,1600,1130,670,340,220,120,60
SEMBAWANG SPRINGS,560,550,640,580,460,550,940,860,870,810,640,470,320,270,210,140,120,70,60
SEMBAWANG STRAITS,60,100,120,140,160,140,100,110,140,160,160,180,120,80,70,40,20,10,10
SENOKO NORTH,-,-,-,-,-,-,-,-,-,-,-,-,-,-,-,-,-,-,-
SENOKO SOUTH,-,-,-,-,-,-,-,-,-,-,-,-,-,-,-,-,-,-,-
THE WHARVES,-,-,-,-,-,-,-,-,-,-,-,-,-,-,-,-,-,-,-
ANCHORVALE,3790,3850,3290,2620,2060,2470,4690,5240,4520,4160,2660,2370,2290,1730,1200,610,330,160,90
COMPASSVALE,1670,1830,1450,900,630,990,1980,2760,2590,1640,970,900,830,740,540,280,180,60,30
FERNVALE,4830,5270,3970,2780,2390,2660,5430,7280,6060,4590,3320,2800,2400,1910,1410,750,500,290,170
LORONG HALUS NORTH,-,-,-,-,-,-,-,-,-,-,-,-,-,-,-,-,-,-,-
RIVERVALE,2500,3060,3670,3840,4170,4090,4030,4300,4520,5200,4540,4630,4220,3030,1970,880,570,310,170
SENGKANG TOWN CENTRE,3590,3590,3550,3490,3940,4110,5380,5530,4910,4800,4450,4260,3890,2660,1700,870,590,310,200
SENGKANG WEST,-,-,-,-,-,-,-,-,-,-,-,-,-,-,-,-,-,-,-
LORONG CHUAN,290,390,480,570,610,640,490,450,530,660,710,730,640,450,340,170,180,100,80
SELETAR HILLS,450,640,760,880,1100,1150,860,730,870,1100,1100,1200,1140,970,750,430,320,170,90
SERANGOON CENTRAL,700,780,880,1190,1400,2000,1920,1640,1440,1730,1670,1970,2330,2000,1430,700,550,260,150
SERANGOON GARDEN,1040,1170,1530,1800,2240,2650,2300,1950,2190,2510,2510,2830,3240,2890,2200,1200,910,560,360
SERANGOON NORTH,480,610,800,950,1260,1450,1020,940,1000,1060,1290,1470,1340,1000,620,300,200,110,40
SERANGOON NORTH IND ESTATE,-,-,-,-,-,-,-,-,-,-,-,-,-,-,-,-,-,-,-
UPPER PAYA LEBAR,590,780,740,780,900,1430,1430,1210,1210,1160,1110,1210,1390,1100,880,440,310,170,90
PULAU SELETAR,-,-,-,-,-,-,-,-,-,-,-,-,-,-,-,-,-,-,-
SIMPANG NORTH,-,-,-,-,-,-,-,-,-,-,-,-,-,-,-,-,-,-,-
SIMPANG SOUTH,-,-,-,-,-,-,-,-,-,-,-,-,-,-,-,-,-,-,-
TANJONG IRAU,-,-,-,-,-,-,-,-,-,-,-,-,-,-,-,-,-,-,-
BOAT QUAY,-,-,-,-,-,10,-,10,10,10,10,10,10,10,10,10,10,-,-
CLARKE QUAY,10,10,10,-,10,10,10,10,10,20,10,10,-,-,-,-,-,-,10
ROBERTSON QUAY,200,240,180,120,100,110,170,330,390,360,250,180,120,90,80,50,30,10,10
SENTOSA,110,140,110,100,90,90,90,150,170,230,210,190,120,70,30,20,10,-,-
SOUTHERN GROUP,-,-,-,-,-,-,-,-,-,-,-,-,-,-,-,-,-,-,-
STRAITS VIEW,-,-,-,-,-,-,-,-,-,-,-,-,-,-,-,-,-,-,-
GALI BATU,-,-,-,-,-,-,-,-,-,-,-,-,-,-,-,-,-,-,-
KRANJI,-,-,-,-,-,-,-,-,-,-,-,-,-,-,-,-,-,-,-
PANG SUA,-,-,-,-,-,-,-,-,-,-,-,-,-,-,-,-,-,-,-
RESERVOIR VIEW,-,-,-,-,-,-,-,-,-,-,-,-,-,-,-,-,-,-,-
TURF CLUB,20,30,30,30,50,50,40,40,40,50,50,50,50,40,40,20,30,10,10
SIMEI,1360,1710,1960,2120,2660,3210,2540,2650,2850,2990,2950,3360,3190,2450,1660,720,560,290,220
TAMPINES EAST,5390,5400,5910,6680,9230,11060,9400,8850,8150,8350,9710,11350,11330,8630,5510,2570,1870,1040,580
TAMPINES NORTH,1150,530,260,240,200,1060,1620,730,440,290,300,240,260,250,220,80,80,70,40
TAMPINES WEST,3790,3780,3800,4150,5340,6340,6320,5820,5360,5320,5640,6390,6410,4930,3090,1420,970,540,270
XILIN,40,70,70,100,160,170,120,70,80,110,130,230,180,110,60,20,20,10,-
CHATSWORTH,340,440,410,310,270,290,420,610,720,780,600,420,350,310,280,170,90,50,30
NASSIM,500,810,630,540,440,430,480,680,860,940,710,620,540,470,400,200,140,80,70
RIDOUT,80,100,80,70,70,80,90,100,120,120,120,110,100,90,80,40,30,20,20
TYERSALL,160,240,250,190,210,210,220,230,300,360,330,290,260,220,160,110,80,50,30
BRICKLAND,-,-,-,-,-,-,-,-,-,-,-,-,-,-,-,-,-,-,-
FOREST HILL,-,-,-,-,-,-,-,-,-,-,-,-,-,-,-,-,-,-,-
GARDEN,-,-,-,-,-,-,-,-,-,-,-,-,-,-,-,-,-,-,-
PARK,-,-,-,-,-,-,-,-,-,-,-,-,-,-,-,-,-,-,-
PLANTATION,-,-,-,-,-,-,-,-,-,-,-,-,-,-,-,-,-,-,-
TENGAH INDUSTRIAL ESTATE,-,-,-,-,-,-,-,-,-,-,-,-,-,-,-,-,-,-,-
BIDADARI,-,-,-,-,-,-,-,-,-,-,-,-,-,-,-,-,-,-,-
BOON TECK,580,570,570,660,770,1000,1080,860,780,1010,1030,1170,1190,980,830,600,530,290,180
BRADDELL,310,430,470,460,560,700,580,590,670,730,720,740,740,650,530,360,310,160,110
JOO SENG,360,370,410,340,390,550,700,650,640,660,550,560,530,480,400,220,180,100,70
KIM KEAT,200,240,300,310,440,630,520,440,510,580,560,640,780,600,510,300,230,120,60
LORONG 8 TOA PAYOH,140,200,240,310,410,500,380,370,430,530,550,610,620,530,480,350,280,160,80
PEI CHUN,260,370,450,530,560,600,520,560,700,850,890,870,870,660,610,440,350,180,90
POTONG PASIR,360,450,460,520,510,730,840,820,870,940,810,840,980,960,780,390,260,160,50
SENNETT,420,380,350,350,310,600,770,570,500,530,370,420,430,370,320,180,140,90,90
TOA PAYOH CENTRAL,1060,1430,1390,1300,1490,1800,1690,2000,2330,2350,2090,2030,1920,1510,1320,900,760,430,220
TOA PAYOH WEST,560,500,510,530,610,880,1130,960,950,1090,1000,1100,1090,950,910,610,580,270,140
WOODLEIGH,100,130,160,160,140,180,150,190,190,220,200,160,170,140,90,30,20,20,10
TENGEH,-,-,-,-,-,-,-,-,-,-,-,-,-,-,-,-,-,-,-
TUAS BAY,-,-,-,-,-,-,-,-,-,-,-,-,-,-,-,-,-,-,-
TUAS NORTH,-,-,-,-,-,-,-,-,-,-,-,-,-,-,-,-,-,-,-
TUAS PROMENADE,-,-,-,-,-,-,-,-,-,-,-,-,-,-,-,-,-,-,-
TUAS VIEW,-,-,-,-,-,-,-,-,-,-,-,-,-,-,-,-,-,-,-
TUAS VIEW EXTENSION,-,-,-,-,-,-,-,-,-,-,-,-,-,-,-,-,-,-,-
JURONG ISLAND AND BUKOM,-,-,-,-,-,-,-,-,-,-,-,-,-,-,-,-,-,-,-
SEMAKAU,-,-,-,-,-,-,-,-,-,-,-,-,-,-,-,-,-,-,-
SUDONG,-,-,-,-,-,-,-,-,-,-,-,-,-,-,-,-,-,-,-
BAHAR,-,-,-,-,-,-,-,-,-,-,-,-,-,-,-,-,-,-,-
CLEANTECH,-,-,-,-,-,-,-,-,-,-,-,-,-,-,-,-,-,-,-
MURAI,30,50,20,20,130,50,30,60,70,40,30,50,50,10,-,-,-,-,-
GREENWOOD PARK,-,-,-,-,-,-,-,-,-,-,-,-,-,-,-,-,-,-,-
MIDVIEW,1590,1640,1870,2480,3460,3220,2480,2290,2100,2520,3270,2960,2100,1400,830,470,320,160,110
NORTH COAST,300,350,470,650,970,1000,700,640,700,850,1030,1210,1030,800,670,340,230,120,50
SENOKO WEST,-,-,-,-,-,-,-,-,-,-,-,-,-,-,-,-,-,-,-
WOODGROVE,980,1330,1740,2280,3320,3210,2060,1930,2170,2610,3300,3000,2350,1500,920,480,340,190,110
WOODLANDS EAST,4960,5280,6010,6880,8020,7660,7520,7270,7460,8490,8020,7510,5710,3680,2220,1030,720,380,170
WOODLANDS REGIONAL CENTRE,-,-,-,-,-,-,-,-,-,-,-,-,-,-,-,-,-,-,-
WOODLANDS SOUTH,2100,2620,2850,2990,3080,2630,2880,3420,3540,3590,3190,2600,2020,1510,1000,480,290,170,60
WOODLANDS WEST,1560,1320,1510,1830,2590,3010,2530,2170,1930,2250,2740,2920,2680,1940,1340,730,520,250,100
KHATIB,310,320,380,460,590,940,800,640,590,650,740,1010,1040,770,510,250,130,90,40
LOWER SELETAR,2220,1690,1160,940,770,1150,2740,2220,1490,1260,870,730,530,350,260,120,90,40,30
NEE SOON,30,50,50,60,50,50,50,40,60,90,80,90,60,50,40,30,10,10,10
NORTHLAND,910,1030,1350,1510,1910,2320,1990,1790,1920,1940,2100,2640,2480,1790,1140,540,370,180,100
SPRINGLEAF,130,170,250,300,320,410,250,180,260,310,290,370,350,290,240,120,80,30,20
YISHUN CENTRAL,100,120,150,130,170,220,200,210,230,220,190,210,170,150,80,50,30,20,10
YISHUN EAST,4270,4410,3270,2970,3300,4220,5420,6320,5050,4090,3850,4190,3440,2590,1670,730,510,250,120
YISHUN SOUTH,1930,1690,1920,2090,2500,3600,3720,2940,2810,3010,2890,3690,3250,2570,1740,830,580,320,170
YISHUN WEST,1780,1990,2440,2790,3410,3810,3590,3600,3810,4230,4330,4840,4500,3580,2320,1280,880,480,240
